incident_id,start_time,end_time,affected_services,traffic,user_sessions,severity,root_cause,resolution_time,predicted_sessions_affected,predicted_revenue_loss,business_impact_summary
SYN001,2025-09-05T10:00,2025-09-05T10:20,checkout,15000,12000,major,Cache server restart,20,2960,3681,"""Incident SYN001 occurred between 2025-09-05T10:00 and 2025-09-05T10:20, affecting the checkout service with approximately 15,000 users and 12,000 sessions impacted. The root cause was a Cache server restart, which was resolved in 20 minutes. According to estimated impact, this incident resulted in 2960 lost sessions and $3681 in potential revenue loss. This highlights the importance of resilient infrastructure and rapid recovery protocols to minimize the effects of such incidents."""
SYN002,2025-09-05T11:00,2025-09-05T11:30,login,9000,7000,minor,Config update,30,1022,1462,"Incident SYN002 occurred between 2025-09-05T11:00 and 2025-09-05T11:30, affecting the login service. Approximately 9000 users and 7000 sessions were impacted due to a minor severity incident. The root cause was identified as a config update, which was resolved within 30 minutes. According to estimated impact analysis, 1022 lost sessions and $1462 in potential revenue loss occurred. This incident emphasizes the significance of resilient infrastructure and rapid recovery procedures to minimize the effects of such incidents on the organization's operations and revenue."
SYN003,2025-09-05T12:00,2025-09-05T12:45,payment,18000,16000,critical,Payment gateway timeout,45,4114,6220,"Incident SYN003 occurred on September 5, 2025, between 12:00 and 12:45 PM, affecting the payment service. The incident was classified as critical severity, impacting approximately 18,000 users and 16,000 sessions. The root cause of the incident was a Payment gateway timeout, which was resolved in 45 minutes.

According to estimates, the incident resulted in 4,114 lost sessions and potential revenue loss of $6,220. This highlights the importance of having resilient infrastructure and rapid recovery protocols in place to minimize the impact of such incidents on the service.

The incident started at 12:00 PM and ended at 12:45 PM, lasting for 45 minutes. During this time, the payment service was unavailable to users, resulting in a loss of sessions and potential revenue. The estimated number of lost sessions is 4,114, while the estimated potential revenue loss is $6,220.

In conclusion, Incident SYN003 highlights the importance of having resilient infrastructure and rapid recovery protocols in place to minimize the impact of incidents on the service. By identifying the root cause of the incident and implementing measures to prevent similar incidents from occurring in the future, the service can be better prepared to handle unexpected disruptions and ensure uninterrupted service for users."
SYN004,2025-09-05T13:00,2025-09-05T13:25,search,11000,9000,major,API rate limit,25,2270,3219,"Incident SYN004 was classified as a major severity incident, affecting the search service between 13:00 and 13:25 on September 5, 2025. The incident impacted approximately 11,000 users and 9,000 sessions. The root cause of the incident was identified as API rate limit. The incident was resolved in 25 minutes, with an estimated impact of 2,270 lost sessions and $3,219 in potential revenue loss. This incident highlights the importance of resilient infrastructure and rapid recovery protocols to minimize the impact on users and revenue."
SYN005,2025-09-05T14:00,2025-09-05T14:40,checkout,20000,17000,critical,DB failover,40,6394,8730,"Incident SYN005 occurred on September 5, 2025, between 14:00 and 14:40, affecting the checkout service. The incident was classified as critical severity, impacting approximately 20,000 users and 17,000 sessions. The root cause of the incident was DB failover, which was resolved in 40 minutes. According to estimates, the incident resulted in the loss of 6,394 sessions and potential revenue loss of $8,730. This incident highlights the importance of resilient infrastructure and rapid recovery protocols to minimize the impact of such incidents on the service."
SYN006,2025-09-05T15:00,2025-09-05T15:20,login,8000,6000,minor,Session cache miss,20,1043,1279,"Incident SYN006 was classified as a minor severity incident, affecting the login service from 2025-09-05T15:00 to 2025-09-05T15:20 on 2025-09-05. Approximately 8000 users and 6000 sessions were impacted. The root cause of the incident was a session cache miss, which was resolved in 20 minutes. The estimated impact of the incident includes 1043 lost sessions and $1279 in potential revenue loss. This incident highlights the importance of resilient infrastructure and rapid recovery protocols to minimize the impact on users and revenue."
SYN007,2025-09-05T16:00,2025-09-05T16:30,payment,14000,12000,major,Third-party API delay,30,3045,3992,"""Incident SYN007 occurred on September 5, 2025, affecting the payment service from 16:00 to 16:30. The incident was classified as major severity and impacted approximately 14,000 users and 12,000 sessions. The root cause of the incident was a delay in a third-party API, which was resolved within 30 minutes. The estimated impact of the incident includes 3045 lost sessions and potential revenue loss of $3992. This incident highlights the importance of resilient infrastructure and rapid recovery protocols to minimize the impact of such incidents on our services."""
SYN008,2025-09-05T17:00,2025-09-05T17:50,search,17000,15000,critical,Service crash,50,3468,5145,"""Incident SYN008 occurred between 17:00 and 17:50 on September 5, 2025, affecting the search service with a critical severity. Approximately 17,000 users and 15,000 sessions were impacted. The root cause was determined to be a service crash, which was resolved in 50 minutes. According to estimates, 3,468 lost sessions and $5,145 in potential revenue loss occurred as a result of this incident. This highlights the importance of resilient infrastructure and rapid recovery protocols to minimize the impact of such incidents on users and revenue."""
SYN009,2025-09-05T18:00,2025-09-05T18:35,checkout,16000,13000,major,Backend overload,35,3609,5170,"Incident SYN009 occurred on September 5, 2025 between 18:00 and 18:35, affecting the checkout service. The incident was classified as major severity, impacting approximately 16,000 users and 13,000 sessions. The root cause of the incident was backend overload, which was resolved in 35 minutes. According to estimates, the incident resulted in 3609 lost sessions and potential revenue loss of $5170. This event highlights the importance of resilient infrastructure and rapid recovery protocols to minimize the impact of such incidents on users and revenue."
SYN010,2025-09-05T19:00,2025-09-05T19:30,login,10000,8000,minor,Token refresh error,30,1114,1548,"Incident SYN010 occurred between 2025-09-05T19:00 and 2025-09-05T19:30, affecting the login service. Approximately 10,000 users and 8,000 sessions were impacted due to a Token refresh error, which was resolved within 30 minutes. The estimated impact includes 1,114 lost sessions and $1,548 in potential revenue loss. This incident highlights the importance of resilient infrastructure and rapid recovery protocols.

Incident Details:

* Incident ID: SYN010
* Start Time: 2025-09-05T19:00
* End Time: 2025-09-05T19:30
* Affected Services: login
* Traffic: 10,000
* User Sessions: 8,000
* Severity: minor
* Root Cause: Token refresh error
* Resolution Time: 30 minutes
* Predicted Sessions Affected: 1,114
* Predicted Revenue Loss: $1,548"
SYN011,2025-09-05T20:00,2025-09-05T20:25,payment,12000,10000,major,Network partition,25,2725,3458,"Incident SYN011 occurred between September 5, 2025 at 8:00 PM and September 5, 2025 at 8:25 PM, affecting the payment service. According to our analysis, approximately 12,000 users and 10,000 sessions were impacted by this incident. The root cause was identified as a network partition, which was resolved in 25 minutes.

Our estimation suggests that 2,725 lost sessions and $3,458 in potential revenue loss resulted from this incident. This highlights the significance of having resilient infrastructure and swift recovery protocols in place to minimize the impact of such incidents on our services.

In summary, Incident SYN011 was classified as a major severity incident, with a resolution time of 25 minutes. The root cause was identified as a network partition, resulting in an estimated 2,725 lost sessions and $3,458 in potential revenue loss. This incident underscores the importance of having robust infrastructure and rapid recovery protocols to mitigate the impact of such incidents on our services."
SYN012,2025-09-05T21:00,2025-09-05T21:45,search,13000,11000,critical,Service restart,45,2994,4680,"Incident SYN012 occurred on September 5, 2025, affecting the search service from 9:00 PM to 9:45 PM. According to incident details, approximately 13,000 users and 11,000 sessions were impacted. The root cause of this critical severity incident was a service restart, which was resolved in 45 minutes. Based on estimated impact, this incident resulted in 2994 lost sessions and $4680 in potential revenue loss. This highlights the importance of resilient infrastructure and rapid recovery protocols to minimize business disruptions."
SYN013,2025-09-05T22:00,2025-09-05T22:30,checkout,14000,12000,minor,Slow query,30,2024,2427,"Incident SYN013 occurred between 2025-09-05T22:00 and 2025-09-05T22:30, affecting the checkout service. The incident was classified as minor severity, impacting approximately 14,000 users and 12,000 sessions. The root cause of the incident was a slow query, which was resolved in 30 minutes. According to estimates, the incident resulted in 2,024 lost sessions and $2,427 in potential revenue loss. This incident highlights the importance of resilient infrastructure and rapid recovery protocols to minimize the impact of such incidents on the service."
SYN014,2025-09-05T23:00,2025-09-05T23:20,login,11000,9000,major,Auth service bug,20,2131,3057,"Incident SYN014 occurred between 23:00 and 23:20 on September 5, 2025, affecting the login service with a major severity. Approximately 11,000 users and 9,000 sessions were impacted due to an Auth service bug. The root cause was resolved in 20 minutes, but the incident resulted in 2131 lost sessions and potential revenue loss estimated at $3057. This event highlights the significance of resilient infrastructure and rapid recovery protocols to minimize disruptions and financial impacts."
SYN015,2025-09-06T00:00,2025-09-06T00:40,payment,17000,15000,critical,DB connection lost,40,3453,5015,"Incident SYN015 was classified as critical severity, affecting the payment service from 2025-09-06T00:00 to 2025-09-06T00:40 on 2025-09-06. Approximately 17,000 users and 15,000 sessions were impacted. The root cause was a lost DB connection, which was resolved in 40 minutes. According to the estimate, 3,453 lost sessions and $5,015 in potential revenue loss occurred as a result of this incident. This incident highlights the importance of resilient infrastructure and rapid recovery protocols.

Incident Details:

* Incident ID: SYN015
* Start Time: 2025-09-06T00:00
* End Time: 2025-09-06T00:40
* Affected Services: payment
* Traffic: 17,000
* User Sessions: 15,000
* Severity: critical
* Root Cause: DB connection lost
* Resolution Time: 40 minutes
* Predicted Sessions Affected: 3,453
* Predicted Revenue Loss: $5,015"
